id,first_name,last_name,email,gender,date_birth,company_id
1,Loraine,Piddocke,lpiddocke0@walmart.com,Female,1987-08-16,783
2,Thornton,Sked,tsked1@free.fr,Male,1993-08-19,212
3,Heriberto,Reskelly,hreskelly2@xing.com,Male,1990-08-30,137
4,Staford,Fruin,sfruin3@uol.com.br,Male,1981-08-01,481
5,Kaylee,Walrond,kwalrond4@shareasale.com,Female,1985-09-13,631
6,Tanya,Tavinor,ttavinor5@chicagotribune.com,Female,1996-04-13,932
7,Rance,Sijmons,rsijmons6@harvard.edu,Male,1984-09-21,326
8,Tricia,Kearn,tkearn7@jimdo.com,Female,1983-02-11,936
9,Helsa,Dooly,hdooly8@fastcompany.com,Female,1991-07-20,455
10,Eugenio,Shelf,eshelf9@devhub.com,Male,1991-12-03,687
11,Preston,Sarra,psarraa@xing.com,Male,1994-03-15,959
12,Crissy,Lantry,clantryb@utexas.edu,Female,1990-06-05,476
13,Bobbee,Lerohan,blerohanc@craigslist.org,Female,2001-04-26,236
14,Meggie,Van Baaren,mvanbaarend@flickr.com,Female,1980-02-02,507
15,Berton,Jeffers,bjefferse@google.cn,Male,1984-11-07,228
16,Olvan,Every,oeveryf@netlog.com,Male,2005-12-19,328
17,Ariel,Blinerman,ablinermang@bluehost.com,Male,1992-09-15,248
18,Nathanil,D'Acth,ndacthh@fema.gov,Male,2000-03-29,630
19,Aile,Hugnin,ahugnini@sciencedirect.com,Female,1988-03-14,405
20,Marcello,Brotherhed,mbrotherhedj@about.me,Male,1989-09-21,266
21,Tommy,Barradell,tbarradellk@eepurl.com,Female,2002-07-10,850
22,Darell,Perrins,dperrinsl@posterous.com,Female,1995-05-15,715
23,Lane,Oak,loakm@pcworld.com,Male,1984-03-02,299
24,Brande,Witchell,bwitchelln@sogou.com,Female,1999-11-20,347
25,Hollis,Gallety,hgalletyo@sciencedirect.com,Male,1991-04-12,529
26,Inesita,Van Cassel,ivancasselp@google.com,Female,1993-07-25,466
27,Renaud,Vivians,rviviansq@imdb.com,Male,1992-07-21,717
28,Kipp,Condict,kcondictr@bravesites.com,Male,2001-01-22,462
29,Stacee,Culpin,sculpins@bloomberg.com,Agender,1992-01-28,729
30,Joye,Marrion,jmarriont@businessinsider.com,Female,1998-07-13,235
31,Wrennie,McCloch,wmcclochu@github.com,Female,2004-08-21,621
32,Elsinore,Goathrop,egoathropv@hc360.com,Female,1999-11-30,337
33,Marleen,Aitkin,maitkinw@tuttocitta.it,Female,2001-09-24,154
34,Traci,Simonyi,tsimonyix@webs.com,Bigender,2001-01-20,394
35,Dominic,Vaines,dvainesy@w3.org,Male,1990-12-25,264
36,Albertine,Candie,acandiez@umn.edu,Female,1983-08-20,95
37,Belva,Tipping,btipping10@booking.com,Female,1999-07-24,675
38,Clio,Boanas,cboanas11@arizona.edu,Female,1987-06-23,971
39,Leda,Aizikovitch,laizikovitch12@prlog.org,Female,1982-10-26,826
40,Bert,Ianne,bianne13@latimes.com,Female,2005-11-21,934
41,Alysia,Ebbin,aebbin14@diigo.com,Female,2002-05-22,181
42,Roslyn,Curston,rcurston15@cdbaby.com,Female,1990-10-25,666
43,Lyndell,Pringle,lpringle16@wikipedia.org,Female,2001-02-11,609
44,Brittney,Sargint,bsargint17@amazonaws.com,Female,1999-12-16,283
45,Anna,Reynard,areynard18@bing.com,Female,1994-06-03,870
46,Ola,Carvell,ocarvell19@sohu.com,Female,1980-02-15,282
47,Pearl,Oliver-Paull,poliverpaull1a@nyu.edu,Female,1985-09-30,890
48,Donica,Crank,dcrank1b@thetimes.co.uk,Female,2005-04-15,868
49,Guillaume,Washtell,gwashtell1c@storify.com,Male,1998-12-26,198
50,Cullen,Risom,crisom1d@army.mil,Male,1989-04-30,111
51,Britteny,Bourges,bbourges1e@twitpic.com,Agender,2006-02-09,23
52,Constantin,Jindacek,cjindacek1f@rakuten.co.jp,Male,2001-04-19,705
53,Tyrus,Daelman,tdaelman1g@moonfruit.com,Male,1983-05-31,80
54,Ida,Cressy,icressy1h@fotki.com,Female,1992-05-06,413
55,Tabor,Gussie,tgussie1i@nih.gov,Male,1993-12-20,166
56,Rahal,Gasgarth,rgasgarth1j@fotki.com,Female,1999-01-02,996
57,Marielle,Ofer,mofer1k@prweb.com,Non-binary,2002-01-13,51
58,Lesly,Doull,ldoull1l@chron.com,Female,2002-12-08,688
59,Glen,McKay,gmckay1m@umich.edu,Agender,2002-01-12,903
60,Everett,Deme,edeme1n@simplemachines.org,Male,1993-06-16,671
61,Russell,Cant,rcant1o@themeforest.net,Polygender,1984-12-10,873
62,Dewie,Imison,dimison1p@g.co,Male,1993-06-26,656
63,Giselbert,Ritchie,gritchie1q@sogou.com,Male,1997-07-31,92
64,Tory,Giacobbo,tgiacobbo1r@mlb.com,Female,2006-02-05,109
65,Meryl,Reinger,mreinger1s@sina.com.cn,Female,1993-11-01,504
66,Vick,Teml,vteml1t@weather.com,Male,1986-08-09,989
67,Elliot,Rapelli,erapelli1u@odnoklassniki.ru,Male,1980-06-15,759
68,Maximilien,Matisoff,mmatisoff1v@va.gov,Male,1990-02-01,149
69,Mariam,Challenor,mchallenor1w@amazon.com,Female,2004-11-04,209
70,Leda,Canario,lcanario1x@photobucket.com,Female,1993-05-31,48
71,Tisha,Westfield,twestfield1y@rediff.com,Female,1986-05-01,503
72,Shannah,Badrick,sbadrick1z@weebly.com,Female,1984-01-11,947
73,Coriss,Kimbling,ckimbling20@dion.ne.jp,Female,1984-10-01,822
74,Gwenny,Danilenko,gdanilenko21@domainmarket.com,Female,1985-03-16,831
75,Any,Duval,aduval22@house.gov,Male,1985-11-14,950
76,Vyky,Boylin,vboylin23@facebook.com,Female,2005-05-14,933
77,Jay,Young,jyoung24@telegraph.co.uk,Male,1990-11-03,193
78,Aggie,Prendeguest,aprendeguest25@goodreads.com,Female,1981-11-04,459
79,Colver,Durrell,cdurrell26@tripod.com,Male,2002-04-05,872
80,Micki,Arthars,marthars27@wisc.edu,Female,1997-06-01,598
81,Christoper,Woolland,cwoolland28@php.net,Male,1983-06-15,448
82,Sarita,Waye,swaye29@blogs.com,Female,1994-10-03,834
83,Maggi,Pennycuick,mpennycuick2a@weebly.com,Female,1995-08-28,655
84,Rosabel,Redsall,rredsall2b@tripadvisor.com,Female,2000-10-29,789
85,Modesta,Tremolieres,mtremolieres2c@networkadvertising.org,Female,1991-07-31,520
86,Ottilie,Surphliss,osurphliss2d@timesonline.co.uk,Female,1988-03-07,267
87,Rica,Mennithorp,rmennithorp2e@php.net,Female,1988-06-20,281
88,Alessandra,Simper,asimper2f@cdc.gov,Female,1991-06-05,888
89,Addia,Aldritt,aaldritt2g@xrea.com,Female,1991-03-06,373
90,Joella,Jiruch,jjiruch2h@deliciousdays.com,Female,1998-08-29,883
91,Reggie,Abley,rabley2i@ca.gov,Male,1983-04-19,187
92,Maxy,Purveys,mpurveys2j@tuttocitta.it,Male,1984-03-31,222
93,Jackson,Skeels,jskeels2k@cafepress.com,Male,1984-10-18,683
94,Creigh,Franks,cfranks2l@wordpress.com,Male,1994-07-26,546
95,Harbert,McGeagh,hmcgeagh2m@sohu.com,Male,1998-07-27,12
96,Tyne,Abbatucci,tabbatucci2n@dailymotion.com,Female,1993-12-09,188
97,Arlie,Kirkhouse,akirkhouse2o@nba.com,Female,1999-04-10,823
98,Jasmina,Curryer,jcurryer2p@ustream.tv,Female,1993-11-02,874
99,Idaline,Largent,ilargent2q@earthlink.net,Female,1992-11-29,425
100,Delainey,Durrans,ddurrans2r@cdc.gov,Male,2006-01-27,70
101,Roderic,Gourlay,rgourlay2s@jigsy.com,Male,1988-11-22,223
102,Ginnifer,Ellick,gellick2t@latimes.com,Female,1980-01-30,59
103,Latrena,Abrashkin,labrashkin2u@wix.com,Female,1996-04-16,881
104,Delmor,Abeles,dabeles2v@tuttocitta.it,Male,2005-05-17,852
105,Peggy,Devon,pdevon2w@discovery.com,Female,2003-02-22,194
106,Edlin,Eppson,eeppson2x@networkadvertising.org,Male,1982-12-23,700
107,Joyce,Munton,jmunton2y@biblegateway.com,Female,1999-04-26,360
108,Latrina,Sprulls,lsprulls2z@msn.com,Female,1998-08-12,426
109,Gard,Monelli,gmonelli30@google.de,Male,1989-10-11,300
110,Kelvin,Claige,kclaige31@gravatar.com,Male,1997-05-05,365
111,Cornela,Keppie,ckeppie32@tripod.com,Female,1995-02-27,612
112,Sarah,Olivari,solivari33@cam.ac.uk,Polygender,1986-02-22,978
113,Marlin,Worlock,mworlock34@163.com,Male,1997-09-02,731
114,Fields,Calrow,fcalrow35@hao123.com,Genderqueer,1993-10-31,206
115,Wini,Valenta,wvalenta36@so-net.ne.jp,Female,2002-04-05,393
116,Lemmy,Gillitt,lgillitt37@nsw.gov.au,Male,1990-04-29,742
117,Rog,Stanlake,rstanlake38@php.net,Male,2003-07-26,289
118,Vinny,Sturgeon,vsturgeon39@hubpages.com,Male,1992-01-24,82
119,Viva,Fishe,vfishe3a@addtoany.com,Female,2003-05-31,49
120,Rorie,Cadman,rcadman3b@delicious.com,Polygender,1999-01-17,136
121,Dode,Fetherby,dfetherby3c@hostgator.com,Female,1984-07-31,130
122,Deana,Verlander,dverlander3d@mit.edu,Female,1994-09-05,649
123,Allister,Liles,aliles3e@apple.com,Male,1988-01-11,229
124,Sax,Comber,scomber3f@ucoz.ru,Male,2002-10-25,340
125,Nealson,Dent,ndent3g@theglobeandmail.com,Male,2002-07-21,836
126,Vassili,Ben-Aharon,vbenaharon3h@privacy.gov.au,Male,1991-04-19,607
127,Nonie,Domonkos,ndomonkos3i@mlb.com,Female,1998-09-06,387
128,Mavra,Paddell,mpaddell3j@angelfire.com,Female,1984-05-19,578
129,Truman,Kuhndel,tkuhndel3k@paginegialle.it,Male,1989-11-20,83
130,Geoffrey,Redhole,gredhole3l@adobe.com,Genderqueer,1991-04-01,938
131,Saleem,Canadas,scanadas3m@barnesandnoble.com,Male,1992-08-06,566
132,Katinka,Ravelus,kravelus3n@guardian.co.uk,Female,1990-10-10,593
133,Cyrille,Stowe,cstowe3o@java.com,Male,1982-11-06,622
134,Elroy,Brightling,ebrightling3p@meetup.com,Male,1988-02-03,191
135,Enrichetta,Tollow,etollow3q@163.com,Female,1985-02-26,247
136,Adolphus,Prophet,aprophet3r@amazon.co.jp,Male,1988-10-08,200
137,Tandie,Surguine,tsurguine3s@csmonitor.com,Female,1997-06-18,535
138,Kamilah,Escreet,kescreet3t@w3.org,Female,1999-09-25,819
139,Saree,Eva,seva3u@istockphoto.com,Female,2004-03-12,956
140,Stillman,Matfin,smatfin3v@nasa.gov,Male,1982-07-23,68
141,Benjy,Espadero,bespadero3w@uol.com.br,Male,1983-06-12,798
142,Maiga,Titchen,mtitchen3x@etsy.com,Female,1992-12-10,661
143,Andie,Holdey,aholdey3y@com.com,Male,1983-01-07,601
144,Katrine,Bartles,kbartles3z@constantcontact.com,Female,1999-11-25,471
145,Danya,Andresser,dandresser40@technorati.com,Female,1991-03-03,768
146,Shaughn,Madeley,smadeley41@tripadvisor.com,Male,1993-04-19,338
147,Broddie,Grigoryov,bgrigoryov42@nifty.com,Male,1993-07-21,291
148,Eryn,Brundell,ebrundell43@ameblo.jp,Female,1986-12-18,774
149,Bentlee,Burkill,bburkill44@amazon.com,Male,2003-08-28,854
150,Keir,Surplice,ksurplice45@nature.com,Male,1996-08-08,485
151,Garreth,Minillo,gminillo46@army.mil,Male,1981-03-15,583
152,Luelle,Grinov,lgrinov47@java.com,Female,1984-05-10,344
153,Clayborn,Kenaway,ckenaway48@com.com,Male,1997-02-15,152
154,Henka,McRuvie,hmcruvie49@printfriendly.com,Bigender,1999-11-29,401
155,Carce,Brine,cbrine4a@nbcnews.com,Male,1982-12-02,678
156,Zenia,Corking,zcorking4b@geocities.jp,Female,2004-05-25,22
157,Josefa,Stickley,jstickley4c@squidoo.com,Female,1994-08-07,268
158,Melisenda,Padfield,mpadfield4d@google.nl,Female,1995-03-20,451
159,Viviana,Chatwood,vchatwood4e@ifeng.com,Polygender,1983-10-30,411
160,Cherie,Hatzar,chatzar4f@globo.com,Genderqueer,1995-01-12,794
161,Sim,Twydell,stwydell4g@wunderground.com,Male,1993-02-15,698
162,Gardie,Lidgard,glidgard4h@wikispaces.com,Male,1986-07-13,311
163,Morganne,Ivatts,mivatts4i@exblog.jp,Female,1981-12-31,40
164,Karyl,Pahlsson,kpahlsson4j@sun.com,Female,1996-09-28,449
165,Sherry,Di Giorgio,sdigiorgio4k@nyu.edu,Female,1988-01-26,551
166,Roch,Lovering,rlovering4l@ox.ac.uk,Female,2004-03-05,864
167,Edvard,Bilton,ebilton4m@rambler.ru,Male,1985-03-19,999
168,Karena,Chaulk,kchaulk4n@elegantthemes.com,Female,1990-05-10,29
169,Selena,Drohun,sdrohun4o@usa.gov,Female,1992-09-11,693
170,Chip,Gentreau,cgentreau4p@noaa.gov,Polygender,1988-09-01,935
171,Sheffield,O'Hartnett,sohartnett4q@utexas.edu,Male,1980-07-11,962
172,Rahel,Jevon,rjevon4r@addthis.com,Female,2005-06-09,8
173,Tobiah,Izzard,tizzard4s@unc.edu,Male,1982-08-06,319
174,Arda,Middleweek,amiddleweek4t@qq.com,Female,2004-06-02,966
175,Jourdan,Boggers,jboggers4u@dot.gov,Female,1980-01-19,138
176,Dalton,Keirle,dkeirle4v@buzzfeed.com,Male,1996-09-27,3
177,Susette,Rostern,srostern4w@vistaprint.com,Female,1995-07-26,505
178,Reilly,Don,rdon4x@discovery.com,Male,2004-10-12,673
179,Dee,Dawby,ddawby4y@sfgate.com,Female,1992-11-26,279
180,Karlan,Gibbeson,kgibbeson4z@java.com,Male,2002-11-11,389
181,Marylinda,Bulward,mbulward50@indiatimes.com,Female,2002-07-08,713
182,Aron,Andreix,aandreix51@narod.ru,Male,1988-03-16,553
183,Irwin,Odam,iodam52@vinaora.com,Male,1996-01-07,952
184,Lindsay,Dobsons,ldobsons53@fastcompany.com,Male,1988-12-04,672
185,Dev,Rosenwald,drosenwald54@dot.gov,Genderfluid,2000-03-07,331
186,Noel,Grimestone,ngrimestone55@yahoo.co.jp,Female,2001-12-27,824
187,Rafi,Vesty,rvesty56@so-net.ne.jp,Male,1995-05-24,361
188,Glad,Mannock,gmannock57@wiley.com,Female,2005-12-27,306
189,Joly,Etches,jetches58@craigslist.org,Female,1997-02-28,171
190,Filide,Monckton,fmonckton59@house.gov,Female,1980-03-09,88
191,Mackenzie,Mack,mmack5a@tinypic.com,Male,2003-12-11,619
192,Mozes,Giscken,mgiscken5b@ehow.com,Male,1992-03-20,924
193,Cletus,Morot,cmorot5c@hhs.gov,Male,1992-12-11,746
194,Katalin,Kamiyama,kkamiyama5d@domainmarket.com,Female,1998-05-29,709
195,Tedd,Blezard,tblezard5e@upenn.edu,Male,1986-10-11,992
196,Kata,Kocher,kkocher5f@yandex.ru,Female,1983-06-13,463
197,Burch,Hellmer,bhellmer5g@imdb.com,Male,1988-12-28,855
198,Herman,Pengelly,hpengelly5h@utexas.edu,Male,2004-09-29,353
199,Aurthur,Binnall,abinnall5i@topsy.com,Male,1990-01-20,294
200,Brandise,Sciacovelli,bsciacovelli5j@craigslist.org,Female,1994-01-29,741
201,Eldredge,Prestney,eprestney5k@wufoo.com,Male,1994-05-22,349
202,Tessi,Petrie,tpetrie5l@boston.com,Genderqueer,1987-09-01,781
203,Jenda,Jasper,jjasper5m@yahoo.co.jp,Female,1999-09-06,457
204,Hartwell,Isles,hisles5n@etsy.com,Male,1987-03-30,376
205,Alwin,Twining,atwining5o@mit.edu,Male,1994-08-22,169
206,Cos,Yea,cyea5p@gravatar.com,Male,2004-11-24,478
207,Aurilia,Tomowicz,atomowicz5q@addthis.com,Agender,1985-07-25,87
208,Christopher,Hinkins,chinkins5r@businesswire.com,Male,1987-07-02,292
209,Tybie,Basindale,tbasindale5s@hugedomains.com,Genderqueer,2002-07-03,531
210,Stevy,Woodcroft,swoodcroft5t@livejournal.com,Male,1994-08-02,635
211,Rochell,Chat,rchat5u@businesswire.com,Female,1982-02-11,944
212,Hamlen,Hickeringill,hhickeringill5v@ca.gov,Male,1993-04-12,893
213,Gianni,Castri,gcastri5w@eventbrite.com,Male,1995-02-22,940
214,Lelia,Laurand,llaurand5x@goo.gl,Female,1980-02-09,776
215,Nicolai,Knights,nknights5y@friendfeed.com,Male,1999-11-20,638
216,Welsh,Moxley,wmoxley5z@slashdot.org,Male,2002-08-05,216
217,Hakim,Gellion,hgellion60@redcross.org,Male,1980-03-13,685
218,Keely,Prestwich,kprestwich61@w3.org,Female,1999-06-26,614
219,Darice,Tomsett,dtomsett62@army.mil,Female,1993-03-16,790
220,Dukey,Galilee,dgalilee63@sina.com.cn,Male,2003-07-14,341
221,Zared,Elloway,zelloway64@sourceforge.net,Male,1994-11-16,96
222,Libbi,Goscomb,lgoscomb65@mtv.com,Non-binary,1993-01-19,443
223,Clio,Fransemai,cfransemai66@sciencedirect.com,Female,1999-04-09,582
224,Dasha,Chance,dchance67@twitpic.com,Genderqueer,2006-01-26,162
225,Leese,Mayell,lmayell68@wiley.com,Female,1985-04-29,744
226,Timmy,Gianilli,tgianilli69@digg.com,Male,1994-08-04,119
227,Katusha,Reeve,kreeve6a@tumblr.com,Female,2004-04-10,510
228,Lyndell,Gaythorpe,lgaythorpe6b@de.vu,Female,1999-02-01,879
229,Jaymee,Townsend,jtownsend6c@elpais.com,Bigender,2004-08-25,517
230,Tyson,Galier,tgalier6d@rakuten.co.jp,Male,1993-11-19,949
231,Barthel,Dansken,bdansken6e@webs.com,Male,1981-01-08,676
232,Brooke,Slott,bslott6f@wisc.edu,Male,1980-02-14,304
233,Claudio,Choake,cchoake6g@uiuc.edu,Male,1993-02-07,6
234,Kippy,Choules,kchoules6h@economist.com,Male,2002-12-12,968
235,Adaline,Armstrong,aarmstrong6i@drupal.org,Female,1987-08-26,600
236,Mitzi,Fardy,mfardy6j@qq.com,Female,1988-05-30,57
237,Hilly,Goodwyn,hgoodwyn6k@yandex.ru,Male,1987-01-06,102
238,Colas,Delwater,cdelwater6l@slashdot.org,Male,1996-06-01,446
239,Raychel,Yerborn,ryerborn6m@wikia.com,Genderqueer,2002-09-18,215
240,Loretta,Lunam,llunam6n@npr.org,Female,1983-09-17,79
241,Janek,Frogley,jfrogley6o@cornell.edu,Genderfluid,1995-06-08,760
242,Rudiger,Barnardo,rbarnardo6p@sourceforge.net,Male,1983-07-24,178
243,Sharline,Baselli,sbaselli6q@geocities.jp,Female,1987-09-20,318
244,Debora,Meadmore,dmeadmore6r@vk.com,Female,2003-01-10,848
245,Basilius,Aslum,baslum6s@icq.com,Male,2003-04-14,627
246,Linet,Penrice,lpenrice6t@vk.com,Female,1980-05-30,32
247,Mariellen,Shawyers,mshawyers6u@wikia.com,Non-binary,1992-08-09,367
248,Lazare,Verduin,lverduin6v@pagesperso-orange.fr,Male,1996-11-03,398
249,Chelsy,Bonhomme,cbonhomme6w@discovery.com,Non-binary,2004-06-09,750
250,Rafaello,Bracher,rbracher6x@cdc.gov,Male,1992-10-06,948
251,Johnathan,Feehily,jfeehily6y@simplemachines.org,Genderfluid,1992-08-10,252
252,Evy,Immings,eimmings6z@mayoclinic.com,Female,1991-05-16,922
253,Page,Giblin,pgiblin70@paypal.com,Male,2001-04-29,305
254,Jania,Burk,jburk71@dion.ne.jp,Female,1984-09-17,805
255,Adelaida,Rhymes,arhymes72@apple.com,Female,1990-03-13,799
256,Wynny,Guyet,wguyet73@zimbio.com,Female,1998-05-15,42
257,Eberhard,Scardifield,escardifield74@techcrunch.com,Genderqueer,2003-08-01,120
258,Chloette,Egiloff,cegiloff75@disqus.com,Female,1990-06-15,336
259,Courtnay,Trengrove,ctrengrove76@fema.gov,Female,1992-05-25,146
260,Harper,Ovanesian,hovanesian77@ocn.ne.jp,Male,1995-11-18,792
261,Conny,Marrington,cmarrington78@springer.com,Female,1980-06-30,691
262,Darb,Bewshea,dbewshea79@over-blog.com,Male,1997-11-28,677
263,Davon,Gianetti,dgianetti7a@sfgate.com,Male,2001-09-11,43
264,Gabie,Jeppensen,gjeppensen7b@unblog.fr,Male,1998-11-02,747
265,Ulrica,Hellewell,uhellewell7c@bizjournals.com,Female,2001-04-04,156
266,Domingo,Shorto,dshorto7d@twitpic.com,Male,2004-02-27,5
267,Tallulah,Foort,tfoort7e@msu.edu,Female,1993-10-24,785
268,Alexandro,Dockrill,adockrill7f@illinois.edu,Genderfluid,1994-07-14,953
269,Layney,Georgelin,lgeorgelin7g@joomla.org,Female,1981-12-05,556
270,Earle,Gooding,egooding7h@blogtalkradio.com,Male,1991-11-26,707
271,Terri,Ivasyushkin,tivasyushkin7i@ucoz.ru,Male,1980-09-27,280
272,Blayne,Grattan,bgrattan7j@eventbrite.com,Male,1986-03-27,260
273,Kincaid,Dutton,kdutton7k@nytimes.com,Male,2004-01-23,495
274,Pearle,True,ptrue7l@senate.gov,Female,1989-12-11,122
275,Querida,Watt,qwatt7m@fotki.com,Female,1990-12-19,833
276,Marji,Drillot,mdrillot7n@yandex.ru,Female,1984-03-12,165
277,Bidget,Kellegher,bkellegher7o@jugem.jp,Female,1992-04-13,355
278,Aubree,Deares,adeares7p@google.it,Female,1980-08-03,269
279,Drud,Turk,dturk7q@sbwire.com,Genderfluid,2004-12-21,681
280,Abe,Chomicki,achomicki7r@patch.com,Non-binary,1980-12-24,718
281,Hal,Le Prevost,hleprevost7s@aol.com,Male,1982-03-04,428
282,Rolph,Manville,rmanville7t@berkeley.edu,Male,1993-10-06,569
283,Tobit,Lovelace,tlovelace7u@squarespace.com,Male,1984-05-23,712
284,Carin,Mansfield,cmansfield7v@yolasite.com,Female,2001-08-13,351
285,Cassondra,Gallyon,cgallyon7w@mapy.cz,Agender,2004-12-19,103
286,Murray,Redhouse,mredhouse7x@clickbank.net,Male,1981-09-22,385
287,Pacorro,Whitely,pwhitely7y@mozilla.com,Male,1995-08-05,472
288,Amitie,Pantlin,apantlin7z@ycombinator.com,Female,2001-06-11,417
289,Conway,Sjostrom,csjostrom80@arizona.edu,Genderqueer,1980-11-01,652
290,Enos,Goding,egoding81@amazon.de,Male,2004-06-20,979
291,Hastings,Hussey,hhussey82@dyndns.org,Male,1989-02-15,488
292,Florina,Loudyan,floudyan83@globo.com,Female,1989-05-20,15
293,Demetre,Ferriman,dferriman84@uol.com.br,Genderqueer,2006-02-13,861
294,Roth,Patek,rpatek85@myspace.com,Male,1985-09-09,186
295,Claudell,Ballentime,cballentime86@biblegateway.com,Male,1991-04-04,403
296,Ludovika,Oldall,loldall87@mit.edu,Female,2002-11-25,176
297,Claudianus,Ishak,cishak88@craigslist.org,Male,1993-06-03,128
298,Elijah,Loker,eloker89@jugem.jp,Male,1990-05-08,867
299,Bianka,Buddle,bbuddle8a@auda.org.au,Female,2000-10-11,538
300,Odell,Fassum,ofassum8b@sohu.com,Male,1987-02-01,623
301,Somerset,Housego,shousego8c@ocn.ne.jp,Male,2002-05-20,563
302,Jacquelynn,Perillio,jperillio8d@imdb.com,Female,1991-08-20,77
303,Lannie,Caw,lcaw8e@sun.com,Male,1997-09-27,491
304,Katuscha,De Cleen,kdecleen8f@nasa.gov,Non-binary,1983-12-09,430
305,Konrad,Barrar,kbarrar8g@uol.com.br,Male,2005-09-23,513
306,Roscoe,Gemmell,rgemmell8h@redcross.org,Male,1988-03-27,372
307,Ekaterina,MacDonogh,emacdonogh8i@blogs.com,Female,1984-11-16,145
308,Dian,Spire,dspire8j@craigslist.org,Female,1998-01-13,179
309,Wynne,Gagg,wgagg8k@trellian.com,Female,1988-02-01,244
310,Retha,Penton,rpenton8l@usatoday.com,Female,1994-08-12,284
311,Virginie,Allcock,vallcock8m@sciencedaily.com,Female,1986-11-29,10
312,Cobbie,Dickon,cdickon8n@bandcamp.com,Genderqueer,1991-05-25,865
313,Hally,De Brett,hdebrett8o@independent.co.uk,Non-binary,1985-07-17,937
314,Gaven,Curgenven,gcurgenven8p@surveymonkey.com,Male,1990-04-29,76
315,Jeramie,Mixon,jmixon8q@mit.edu,Genderfluid,1999-05-16,350
316,Evyn,Carrick,ecarrick8r@washingtonpost.com,Male,2005-12-28,386
317,Roselin,Talks,rtalks8s@jalbum.net,Female,1991-02-19,429
318,Silvester,Woof,swoof8t@shinystat.com,Male,1995-05-15,701
319,Griswold,Extence,gextence8u@addthis.com,Male,2002-10-29,482
320,Kerr,Mayberry,kmayberry8v@rakuten.co.jp,Male,2000-11-02,639
321,Vern,Hughesdon,vhughesdon8w@liveinternet.ru,Male,1986-12-25,818
322,Giraldo,Evers,gevers8x@noaa.gov,Male,1990-08-10,793
323,Ynez,Wallentin,ywallentin8y@wunderground.com,Female,2000-08-07,997
324,Baily,Francescuzzi,bfrancescuzzi8z@google.ru,Male,1993-08-10,474
325,Artus,Clawe,aclawe90@opensource.org,Male,2004-08-18,801
326,Todd,Goode,tgoode91@who.int,Male,2006-01-11,557
327,Osmond,Ambrosetti,oambrosetti92@telegraph.co.uk,Male,1980-06-20,571
328,Lindsey,Moulsdall,lmoulsdall93@sakura.ne.jp,Male,1999-03-22,94
329,Stern,Moye,smoye94@canalblog.com,Male,1990-09-08,433
330,Eleanora,Hartmann,ehartmann95@amazonaws.com,Female,1984-07-27,322
331,Sharai,Cashin,scashin96@intel.com,Female,2005-01-27,257
332,Barby,Boyford,bboyford97@census.gov,Bigender,2003-10-03,765
333,Levon,Farherty,lfarherty98@un.org,Male,1995-11-18,752
334,David,Neaves,dneaves99@ucoz.com,Male,1987-12-19,380
335,Selinda,Kock,skock9a@livejournal.com,Female,1987-10-02,192
336,Bourke,Gibben,bgibben9b@constantcontact.com,Male,1991-01-01,105
337,Quinton,Artist,qartist9c@acquirethisname.com,Male,2005-05-11,90
338,Holli,Wilby,hwilby9d@ed.gov,Female,1996-04-11,421
339,Wilie,Mothersdale,wmothersdale9e@webmd.com,Female,1998-02-25,131
340,Emyle,Soda,esoda9f@dagondesign.com,Female,1998-04-05,527
341,Gerhardt,Keoghane,gkeoghane9g@goo.gl,Male,2000-02-10,697
342,Frederico,Knight,fknight9h@java.com,Male,2001-02-22,808
343,Launce,Pittman,lpittman9i@skyrock.com,Male,1987-03-01,276
344,Abie,Dunbavin,adunbavin9j@webeden.co.uk,Male,1992-02-13,803
345,Benni,Pollastrino,bpollastrino9k@europa.eu,Genderfluid,2004-05-20,533
346,Hoyt,Ching,hching9l@who.int,Male,1988-01-17,882
347,Dot,Coghlan,dcoghlan9m@wsj.com,Female,2002-09-19,859
348,Hertha,Peterken,hpeterken9n@howstuffworks.com,Female,1983-06-17,9
349,Lon,Jori,ljori9o@mashable.com,Male,2002-03-15,259
350,Timmy,Skewes,tskewes9p@redcross.org,Genderqueer,1999-09-07,410
351,Earl,Setterington,esetterington9q@twitter.com,Agender,1990-01-01,11
352,Clarie,Cornu,ccornu9r@miitbeian.gov.cn,Female,1983-10-24,369
353,Fleming,Botte,fbotte9s@booking.com,Male,1982-06-03,85
354,Jillane,Etock,jetock9t@answers.com,Female,2004-09-01,251
355,Georgianna,Petzold,gpetzold9u@washingtonpost.com,Female,1983-08-03,325
356,Steffane,Eliyahu,seliyahu9v@digg.com,Female,1995-05-24,47
357,Davy,Loram,dloram9w@domainmarket.com,Male,1996-02-19,412
358,Foss,de Pinna,fdepinna9x@is.gd,Male,2000-10-19,129
359,Anson,Wellman,awellman9y@umich.edu,Male,1998-09-29,608
360,Alphonse,Lenaghen,alenaghen9z@microsoft.com,Male,1989-06-20,182
361,Kaine,Fyers,kfyersa0@blog.com,Male,1986-04-25,737
362,Hadria,Few,hfewa1@gnu.org,Female,1990-02-21,275
363,Dom,MacKissack,dmackissacka2@godaddy.com,Male,1993-05-18,807
364,Judye,Pershouse,jpershousea3@virginia.edu,Agender,1987-07-29,62
365,Gabi,Cherrett,gcherretta4@typepad.com,Male,1992-08-24,706
366,Dori,Colter,dcoltera5@phoca.cz,Female,1985-04-18,238
367,Wendell,McDiarmid,wmcdiarmida6@xrea.com,Male,1983-09-26,243
368,Boote,Hulse,bhulsea7@telegraph.co.uk,Male,1991-06-16,324
369,Janeen,Ram,jrama8@simplemachines.org,Female,1983-06-30,420
370,Hank,Mabon,hmabona9@cbslocal.com,Male,1997-07-21,160
371,Tracy,Fessier,tfessieraa@furl.net,Male,1987-12-24,628
372,Huntington,Rolfe,hrolfeab@sbwire.com,Male,1999-07-22,67
373,Adolph,FitzAlan,afitzalanac@unesco.org,Male,1980-12-01,640
374,Gearard,Atte-Stone,gattestonead@ebay.co.uk,Male,2001-09-30,642
375,Janaya,Marden,jmardenae@cbc.ca,Female,1990-02-21,18
376,Tuckie,Smorthit,tsmorthitaf@huffingtonpost.com,Male,2002-06-26,884
377,Andie,Bischop,abischopag@timesonline.co.uk,Male,2005-07-01,164
378,Lorinda,Larway,llarwayah@dailymail.co.uk,Female,1983-05-25,113
379,Dyanna,Filasov,dfilasovai@blogs.com,Female,1993-09-28,108
380,Curtis,Mantripp,cmantrippaj@wired.com,Male,1991-12-24,753
381,Jayson,Jayes,jjayesak@amazonaws.com,Male,1983-07-22,310
382,Mona,Rhead,mrheadal@paginegialle.it,Female,1992-04-18,769
383,Greggory,Brayfield,gbrayfieldam@taobao.com,Male,2002-12-17,558
384,Lion,Kilford,lkilfordan@bigcartel.com,Male,2004-11-20,521
385,Terence,Fridlington,tfridlingtonao@printfriendly.com,Male,1982-01-16,745
386,Niall,Badman,nbadmanap@nationalgeographic.com,Male,1983-11-10,473
387,Alberta,Camamile,acamamileaq@utexas.edu,Female,1980-09-29,928
388,Wallis,Mc Caughan,wmccaughanar@tamu.edu,Male,1992-06-11,358
389,Raymund,Garret,rgarretas@nbcnews.com,Bigender,1983-08-15,64
390,Corbin,Kennard,ckennardat@pcworld.com,Male,1999-03-20,778
391,Nara,Lauthian,nlauthianau@friendfeed.com,Female,1988-05-22,981
392,Garwood,Fishenden,gfishendenav@ehow.com,Male,2001-04-18,151
393,Margarette,Basden,mbasdenaw@blinklist.com,Female,1983-11-18,364
394,Hammad,Say,hsayax@yandex.ru,Male,1985-04-24,106
395,Mona,Jillins,mjillinsay@slideshare.net,Female,1980-02-20,32
396,Rosamund,Simounet,rsimounetaz@slate.com,Female,1990-09-30,143
397,Brianne,Shildrick,bshildrickb0@multiply.com,Bigender,1993-06-13,815
398,Yulma,Ferretti,yferrettib1@plala.or.jp,Male,1986-08-29,934
399,Axe,Kuzemka,akuzemkab2@joomla.org,Male,1989-01-06,624
400,Margery,Hagston,mhagstonb3@phpbb.com,Female,1992-02-13,231
401,Devon,Normanell,dnormanellb4@sun.com,Genderqueer,1983-05-18,819
402,Field,Balham,fbalhamb5@theatlantic.com,Male,1985-03-07,868
403,Tracee,Dawltrey,tdawltreyb6@google.com.hk,Female,1989-10-11,779
404,Humberto,Simounet,hsimounetb7@youtube.com,Male,1996-02-15,753
405,Kipp,Bestwick,kbestwickb8@toplist.cz,Female,1983-10-27,320
406,Norton,Robb,nrobbb9@mysql.com,Male,1988-11-05,994
407,Leroi,Scole,lscoleba@istockphoto.com,Male,1982-10-13,589
408,Forester,McDonand,fmcdonandbb@diigo.com,Male,1997-07-29,227
409,Engracia,Heathcott,eheathcottbc@constantcontact.com,Female,2005-10-18,706
410,Nedi,Setterington,nsetteringtonbd@bloomberg.com,Female,2000-09-29,549
411,Abbot,Speirs,aspeirsbe@1und1.de,Male,1983-07-19,957
412,Silas,Roles,srolesbf@ask.com,Male,1985-10-13,761
413,Kaleb,Mersey,kmerseybg@pcworld.com,Male,1981-01-07,303
414,Jdavie,Iskov,jiskovbh@1und1.de,Male,1986-01-20,932
415,Erica,Nary,enarybi@barnesandnoble.com,Female,2002-12-16,485
416,Addie,Kayes,akayesbj@shutterfly.com,Female,1993-03-09,869
417,Pamela,Raynton,prayntonbk@vk.com,Female,1993-06-11,679
418,Berne,Nutbeam,bnutbeambl@yelp.com,Male,1981-06-23,542
419,Dunn,Ghiotto,dghiottobm@hugedomains.com,Male,2005-12-31,908
420,Sherri,Herche,sherchebn@discovery.com,Female,1991-08-30,712
421,Theresita,Zorro,tzorrobo@buzzfeed.com,Female,1996-01-29,87
422,Alphonso,Haynesford,ahaynesfordbp@ebay.co.uk,Male,2000-05-13,257
423,Mathias,Gookes,mgookesbq@howstuffworks.com,Male,1995-05-27,618
424,Selia,Criag,scriagbr@bloglovin.com,Female,1992-08-18,510
425,Baxie,Ouldred,bouldredbs@histats.com,Agender,2001-08-07,898
426,Hernando,Patesel,hpateselbt@i2i.jp,Male,1997-06-05,81
427,Venus,Collyer,vcollyerbu@google.nl,Female,1998-04-20,558
428,Eden,Simonard,esimonardbv@twitpic.com,Female,1995-06-05,574
429,Morse,Ronayne,mronaynebw@a8.net,Male,1998-10-27,340
430,Bianca,Treacher,btreacherbx@github.io,Female,2001-10-06,583
431,Berta,Measures,bmeasuresby@tiny.cc,Female,1998-08-14,622
432,Haze,Rosini,hrosinibz@berkeley.edu,Male,1995-04-09,334
433,Alanna,Milmoe,amilmoec0@google.pl,Female,1992-06-27,497
434,Austine,Boarder,aboarderc1@ca.gov,Female,2005-04-24,801
435,Alidia,Kitchinham,akitchinhamc2@latimes.com,Female,2003-09-24,912
436,Deena,Wann,dwannc3@live.com,Female,2005-03-04,717
437,Eldon,Giametti,egiamettic4@homestead.com,Male,2003-07-28,978
438,Gregory,Arnao,garnaoc5@huffingtonpost.com,Male,2005-12-30,629
439,Lia,Goodman,lgoodmanc6@cbc.ca,Female,1984-02-11,176
440,Charmain,Cossington,ccossingtonc7@nyu.edu,Female,1981-05-25,442
441,Abran,McWhannel,amcwhannelc8@washingtonpost.com,Male,2001-02-27,58
442,Johnny,Fortin,jfortinc9@photobucket.com,Male,1990-05-04,563
443,Gardiner,Eudall,geudallca@sciencedirect.com,Male,1985-04-29,226
444,Mordy,Rapo,mrapocb@sina.com.cn,Male,2005-03-27,856
445,Wolf,Karolovsky,wkarolovskycc@joomla.org,Male,1983-12-08,63
446,Wynnie,Sleite,wsleitecd@sina.com.cn,Female,1994-03-28,821
447,Ephraim,Doutch,edoutchce@indiegogo.com,Male,1994-12-18,986
448,Kalinda,Gilchriest,kgilchriestcf@1688.com,Female,1984-04-21,493
449,Matthus,Thams,mthamscg@mapquest.com,Male,2000-12-03,906
450,Fonsie,Kilbey,fkilbeych@discuz.net,Male,1993-04-06,518
451,Allard,MacGahy,amacgahyci@earthlink.net,Male,1981-07-07,192
452,Chariot,Vyel,cvyelcj@issuu.com,Male,1984-05-24,534
453,Arthur,Laxon,alaxonck@freewebs.com,Genderqueer,2000-02-22,73
454,Thadeus,McCurtin,tmccurtincl@cyberchimps.com,Male,1988-09-19,495
455,Miriam,Fosten,mfostencm@dmoz.org,Female,1996-08-08,432
456,Saw,Cursey,scurseycn@mapquest.com,Male,1999-02-17,458
457,Annaliese,Achurch,aachurchco@livejournal.com,Female,1983-07-01,330
458,Fabiano,Wedmore,fwedmorecp@cargocollective.com,Male,2005-02-21,704
459,Blair,Hardwell,bhardwellcq@delicious.com,Female,1998-10-23,157
460,Danila,Winks,dwinkscr@chronoengine.com,Female,2006-02-24,122
461,Christoforo,Brackenridge,cbrackenridgecs@simplemachines.org,Male,2002-09-06,399
462,Rickie,Warfield,rwarfieldct@marketwatch.com,Male,1994-03-27,443
463,Bennett,Dalley,bdalleycu@infoseek.co.jp,Male,1990-02-08,594
464,Pearce,Beach,pbeachcv@imgur.com,Male,1980-11-08,290
465,Rowan,Linebarger,rlinebargercw@dailymotion.com,Male,1985-11-16,993
466,Gilburt,Meeke,gmeekecx@tmall.com,Male,1992-10-24,707
467,Gretchen,Skinley,gskinleycy@elpais.com,Female,1991-03-20,125
468,Nicola,Gianotti,ngianotticz@apache.org,Female,2004-12-13,170
469,Paddie,Utting,puttingd0@flickr.com,Male,1983-12-13,405
470,Shannon,Sonley,ssonleyd1@studiopress.com,Male,1986-02-16,237
471,Brad,Critch,bcritchd2@chronoengine.com,Male,1998-07-16,783
472,Cthrine,Parnaby,cparnabyd3@furl.net,Female,2005-04-23,466
473,Christoforo,Adamik,cadamikd4@topsy.com,Male,2003-12-14,354
474,Ilse,Gladhill,igladhilld5@foxnews.com,Female,1984-05-10,678
475,Quillan,Dunbar,qdunbard6@deliciousdays.com,Bigender,1980-06-29,31
476,Cary,Schroder,cschroderd7@guardian.co.uk,Male,1991-09-29,968
477,Cheryl,Leither,cleitherd8@globo.com,Female,1997-02-26,113
478,Arleyne,Scoular,ascoulard9@list-manage.com,Female,1981-03-31,516
479,Welby,Copperwaite,wcopperwaiteda@sina.com.cn,Male,1985-12-15,530
480,Theodore,Bezemer,tbezemerdb@exblog.jp,Male,2003-06-13,891
481,Skell,Woodger,swoodgerdc@discovery.com,Male,1993-08-30,771
482,Merwin,Niemetz,mniemetzdd@jalbum.net,Male,1996-06-06,755
483,Dion,Tearle,dtearlede@senate.gov,Male,2003-07-21,924
484,Arleyne,Markel,amarkeldf@whitehouse.gov,Female,1980-07-19,654
485,Alidia,Oslar,aoslardg@example.com,Female,1989-01-25,29
486,Wilton,Martinovsky,wmartinovskydh@cbslocal.com,Male,1980-10-04,15
487,Lynette,Bridat,lbridatdi@addtoany.com,Female,1999-05-24,702
488,Tania,Kybbye,tkybbyedj@imageshack.us,Female,2001-07-03,103
489,Avery,Ingrey,aingreydk@parallels.com,Male,1984-05-26,930
490,Batholomew,Trousdell,btrousdelldl@sbwire.com,Male,1987-09-26,294
491,Salim,Sagar,ssagardm@cocolog-nifty.com,Male,1998-08-01,247
492,Jarrad,Bickerstaffe,jbickerstaffedn@wisc.edu,Male,1994-05-01,611
493,Fax,Kares,fkaresdo@furl.net,Male,2005-01-30,270
494,Ebenezer,Tottman,etottmandp@imageshack.us,Polygender,1995-07-08,469
495,Will,Knivett,wknivettdq@mtv.com,Male,1999-07-10,947
496,Durand,Filipchikov,dfilipchikovdr@wordpress.com,Male,1983-12-16,296
497,Marvin,Gallant,mgallantds@sina.com.cn,Male,2001-12-13,855
498,Wendall,Sauvain,wsauvaindt@ft.com,Male,1992-01-10,96
499,Whit,Towl,wtowldu@foxnews.com,Male,1996-07-02,147
500,Martin,Grishankov,mgrishankovdv@flickr.com,Male,1986-01-16,588
501,Albie,McCrie,amccriedw@si.edu,Male,2005-02-05,708
502,Rachele,Probbin,rprobbindx@tiny.cc,Female,1992-01-27,961
503,Bendick,Spickett,bspickettdy@shop-pro.jp,Male,2005-10-21,190
504,Marta,Di Bernardo,mdibernardodz@mayoclinic.com,Female,1990-09-06,531
505,Allix,Ottewill,aottewille0@squidoo.com,Bigender,1994-03-21,433
506,Parrnell,Wharram,pwharrame1@yellowbook.com,Male,1992-07-27,975
507,Sutton,Worlidge,sworlidgee2@hhs.gov,Male,2002-02-19,185
508,Anett,Impett,aimpette3@tamu.edu,Female,1988-11-21,456
509,Peirce,Eckersley,peckersleye4@jimdo.com,Male,2005-09-05,202
510,Rab,Heggman,rheggmane5@hexun.com,Male,1990-05-12,769
511,Rica,Hayth,rhaythe6@blog.com,Female,2004-03-02,788
512,Mirella,Phillpotts,mphillpottse7@cbsnews.com,Female,2002-10-25,5
513,Oliy,Rawdales,orawdalese8@umn.edu,Female,1994-12-20,97
514,Bertrando,Sheering,bsheeringe9@vimeo.com,Male,2002-04-22,306
515,Sonnie,Melanaphy,smelanaphyea@webeden.co.uk,Female,1989-11-24,203
516,Kathlin,Chantler,kchantlereb@google.ca,Female,1981-03-12,768
517,Chris,Mason,cmasonec@hugedomains.com,Female,1980-12-19,33
518,Claudine,Felton,cfeltoned@csmonitor.com,Agender,1980-11-01,660
519,Hastie,Pellamont,hpellamontee@google.com.br,Male,1996-03-19,423
520,Adena,Semaine,asemaineef@cdbaby.com,Female,1989-08-16,551
521,Benito,Willmetts,bwillmettseg@skyrock.com,Male,2000-06-24,131
522,Lorant,Kennady,lkennadyeh@free.fr,Male,1997-08-08,763
523,Berty,Doyley,bdoyleyei@tiny.cc,Female,1995-05-16,349
524,Levi,Grassett,lgrassettej@myspace.com,Male,1996-09-19,927
525,Giavani,Featherstone,gfeatherstoneek@godaddy.com,Bigender,1994-11-23,316
526,Darnell,Onraet,donraetel@gnu.org,Male,1982-08-29,6
527,Olivia,Riste,oristeem@example.com,Female,2000-06-06,834
528,Herb,Casine,hcasineen@networksolutions.com,Male,1984-10-23,417
529,Ange,Cosbey,acosbeyeo@mlb.com,Female,1989-12-03,737
530,Cordelia,Fairbridge,cfairbridgeep@cpanel.net,Female,1991-06-09,409
531,Zahara,Jearum,zjearumeq@moonfruit.com,Female,1991-09-03,693
532,Joly,Zamora,jzamoraer@abc.net.au,Female,2003-01-20,194
533,Shelly,Irvin,sirvines@umich.edu,Female,2004-02-21,400
534,Nicole,Spoward,nspowardet@lulu.com,Female,1984-07-04,644
535,Toni,Majury,tmajuryeu@timesonline.co.uk,Female,1982-10-19,98
536,Guss,Bifield,gbifieldev@biglobe.ne.jp,Male,2003-11-18,620
537,Mattheus,Stannas,mstannasew@sakura.ne.jp,Male,1997-02-28,674
538,Delaney,Stilwell,dstilwellex@weibo.com,Male,1988-02-18,722
539,Kinny,Stephens,kstephensey@squarespace.com,Male,1997-07-01,652
540,Alameda,Crathorne,acrathorneez@foxnews.com,Female,1998-06-12,990
541,Fabian,Issac,fissacf0@icq.com,Male,1992-01-27,950
542,Stephanie,Burnyate,sburnyatef1@blogs.com,Female,1992-07-19,114
543,Stu,Drew,sdrewf2@yahoo.co.jp,Male,1991-05-26,669
544,Julienne,Vanyashkin,jvanyashkinf3@wikimedia.org,Female,1989-06-30,799
545,Lenna,Nockles,lnocklesf4@webeden.co.uk,Female,1981-12-23,258
546,Robb,Burnhard,rburnhardf5@addtoany.com,Male,1985-07-19,430
547,Kristopher,Gooderidge,kgooderidgef6@yelp.com,Male,1999-07-29,676
548,Orsola,Coggan,ocogganf7@amazon.com,Female,1983-05-16,633
549,Douglass,Roper,droperf8@addthis.com,Male,1981-01-04,186
550,Costanza,Ledrun,cledrunf9@ycombinator.com,Female,1987-11-05,278
551,Amby,Eyles,aeylesfa@businessinsider.com,Male,1998-11-01,105
552,Saxe,Stillert,sstillertfb@army.mil,Male,1992-05-27,454
553,Hillie,Redley,hredleyfc@over-blog.com,Male,1987-01-07,628
554,Lyle,Sandbrook,lsandbrookfd@etsy.com,Male,1986-10-31,686
555,Martguerita,Francesco,mfrancescofe@google.nl,Genderfluid,1997-12-24,766
556,Shelba,Shute,sshuteff@techcrunch.com,Female,1992-05-04,384
557,Frazier,MacFarlane,fmacfarlanefg@desdev.cn,Male,2001-02-12,325
558,Diannne,Ladson,dladsonfh@bloomberg.com,Female,2003-12-30,553
559,Baron,Gwalter,bgwalterfi@slideshare.net,Male,1986-02-06,120
560,Danell,Willgoose,dwillgoosefj@theglobeandmail.com,Female,2005-08-14,592
561,Caritta,Vallentin,cvallentinfk@tuttocitta.it,Female,1995-01-17,196
562,Germaine,Rudd,gruddfl@pbs.org,Male,1986-04-24,288
563,Reyna,Haskur,rhaskurfm@mozilla.org,Female,1996-02-02,92
564,Johnath,Ride,jridefn@columbia.edu,Female,1991-07-05,271
565,Emory,Stoffers,estoffersfo@cbc.ca,Male,2005-10-16,341
566,Gregorius,Adolf,gadolffp@narod.ru,Male,1997-09-08,749
567,Quincy,Putt,qputtfq@census.gov,Male,1980-04-28,232
568,Diana,Safe,dsafefr@last.fm,Female,1997-10-27,751
569,Constantino,Yokelman,cyokelmanfs@edublogs.org,Male,1982-06-21,954
570,Haley,Tackley,htackleyft@bluehost.com,Genderqueer,1991-12-02,393
571,Saundra,Way,swayfu@gmpg.org,Male,2004-05-11,872
572,Emmerich,Studders,estuddersfv@si.edu,Male,1984-09-08,235
573,Alberta,De Ruel,aderuelfw@live.com,Female,1996-06-06,410
574,Giffer,Aldine,galdinefx@bbb.org,Male,1999-07-18,444
575,Gypsy,Pawlowicz,gpawlowiczfy@cloudflare.com,Female,2004-02-15,240
576,Elsbeth,Boal,eboalfz@oracle.com,Female,2001-03-19,328
577,Chester,Fuente,cfuenteg0@mac.com,Male,1993-11-18,324
578,Tuesday,Gostling,tgostlingg1@goo.gl,Female,2000-09-23,550
579,Rosalinde,Grzelewski,rgrzelewskig2@scientificamerican.com,Female,1998-08-27,175
580,Merl,Salan,msalang3@abc.net.au,Female,1988-08-23,200
581,Lucio,Calow,lcalowg4@twitpic.com,Male,2004-11-01,781
582,Stacy,Alabaster,salabasterg5@unblog.fr,Female,2004-05-03,255
583,Johann,Boutwell,jboutwellg6@nationalgeographic.com,Male,1981-11-11,591
584,Brinna,Benesevich,bbenesevichg7@europa.eu,Female,2002-12-29,66
585,Kali,Monget,kmongetg8@usatoday.com,Bigender,1992-01-21,251
586,Dode,MacNeilage,dmacneilageg9@1und1.de,Female,1980-07-18,566
587,Sandy,McGeady,smcgeadyga@upenn.edu,Non-binary,1981-09-24,962
588,Glenden,Halloran,ghallorangb@nature.com,Male,2005-07-26,119
589,Timmie,Klicher,tklichergc@joomla.org,Male,1985-10-05,256
590,Jeromy,Wandless,jwandlessgd@wunderground.com,Male,1991-11-19,862
591,Ellis,Edel,eedelge@google.it,Male,1983-07-27,690
592,Penny,O'Fihily,pofihilygf@hatena.ne.jp,Male,2005-02-23,498
593,Spike,Sutworth,ssutworthgg@myspace.com,Male,1998-03-30,931
594,Constancia,Simunek,csimunekgh@yellowpages.com,Female,1991-12-23,780
595,Reyna,Killby,rkillbygi@jiathis.com,Non-binary,1989-08-04,419
596,Lucho,Frobisher,lfrobishergj@diigo.com,Male,2000-06-02,488
597,Ameline,Smaile,asmailegk@eepurl.com,Female,1988-01-05,246
598,Kelby,Dell 'Orto,kdellortogl@wisc.edu,Bigender,1986-05-05,338
599,Ynes,Yarrall,yyarrallgm@amazon.co.uk,Female,2004-04-25,1
600,Moshe,Alsopp,malsoppgn@phpbb.com,Male,2002-09-25,449
601,Ninon,Kopfer,nkopfergo@quantcast.com,Female,1985-11-20,673
602,Nevin,Larkin,nlarkingp@newyorker.com,Male,2000-06-19,933
603,Robinson,Pitkeathly,rpitkeathlygq@ameblo.jp,Non-binary,1999-06-29,804
604,Clementina,Arthey,cartheygr@wired.com,Genderfluid,1995-05-06,470
605,Phelia,Costelloe,pcostelloegs@soundcloud.com,Female,1996-05-17,668
606,Veda,Scott,vscottgt@addtoany.com,Female,1986-03-24,209
607,Shayne,Camplen,scamplengu@yellowbook.com,Female,1999-12-29,146
608,Magdalena,Gonthier,mgonthiergv@twitter.com,Female,1993-11-14,464
609,Neda,Pusey,npuseygw@thetimes.co.uk,Female,1980-02-22,411
610,Dunn,Duplan,dduplangx@dropbox.com,Male,2003-01-15,657
611,Faythe,Culbard,fculbardgy@mediafire.com,Female,1988-07-28,10
612,Benedicto,Wooddisse,bwooddissegz@ucla.edu,Male,1997-05-11,616
613,Frederigo,Tanton,ftantonh0@hexun.com,Male,1985-03-14,99
614,Waverley,Trebble,wtrebbleh1@wp.com,Male,1986-01-04,584
615,Roby,O'Brien,robrienh2@buzzfeed.com,Female,1986-09-12,765
616,Hilde,Westhoff,hwesthoffh3@livejournal.com,Female,1989-05-05,984
617,Lowe,Bunner,lbunnerh4@icio.us,Male,1991-12-15,903
618,Phyllys,Taffley,ptaffleyh5@google.co.jp,Agender,2004-05-22,483
619,Devi,Malicki,dmalickih6@newyorker.com,Female,2005-05-11,277
620,Ignace,Wixey,iwixeyh7@usnews.com,Male,1995-12-08,59
621,Cass,McKimmie,cmckimmieh8@liveinternet.ru,Female,1991-10-03,857
622,Fletch,Knibley,fknibleyh9@engadget.com,Male,1994-11-10,965
623,Garald,Walkden,gwalkdenha@nytimes.com,Male,1990-02-22,207
624,Zsazsa,MacIan,zmacianhb@csmonitor.com,Female,1991-10-05,160
625,Eamon,Veazey,eveazeyhc@census.gov,Male,1988-07-11,643
626,Carma,Grewer,cgrewerhd@ycombinator.com,Agender,1982-04-16,541
627,Clyve,McColley,cmccolleyhe@hugedomains.com,Male,1991-11-12,582
628,Jacquenetta,Welfare,jwelfarehf@ebay.co.uk,Female,1996-03-22,291
629,Norina,Janauschek,njanauschekhg@about.com,Female,1984-09-15,998
630,Erma,Jaszczak,ejaszczakhh@people.com.cn,Female,1987-04-27,625
631,Garnet,Dresse,gdressehi@sitemeter.com,Female,1997-04-13,126
632,Ebeneser,Bottomore,ebottomorehj@typepad.com,Male,1985-04-04,889
633,Warde,Sarfati,wsarfatihk@gizmodo.com,Male,2000-01-18,637
634,Appolonia,Itscowicz,aitscowiczhl@craigslist.org,Female,1995-12-12,23
635,Borg,Balffye,bbalffyehm@merriam-webster.com,Male,1992-06-01,162
636,Virginia,Alexis,valexishn@whitehouse.gov,Female,2002-11-08,670
637,Eleni,Laver,elaverho@networkadvertising.org,Female,1984-07-25,225
638,Johnny,Booi,jbooihp@scribd.com,Male,1994-10-31,634
639,Simon,Moreno,smorenohq@lulu.com,Male,1993-04-30,953
640,Darrick,Mathivon,dmathivonhr@whitehouse.gov,Male,1992-01-02,455
641,Sheena,Lambshine,slambshinehs@blinklist.com,Female,1986-02-13,373
642,Allsun,Symes,asymesht@icq.com,Female,1982-08-25,167
643,Jackie,McGarrell,jmcgarrellhu@guardian.co.uk,Female,1986-04-13,646
644,Maire,Fenna,mfennahv@nydailynews.com,Female,2003-07-28,101
645,Stavros,Deeson,sdeesonhw@photobucket.com,Male,2000-02-01,494
646,Celine,Budibent,cbudibenthx@google.es,Female,1991-02-06,598
647,Thom,Logie,tlogiehy@posterous.com,Non-binary,1996-07-15,528
648,Teodoro,Sailor,tsailorhz@imgur.com,Non-binary,1982-06-28,460
649,Emmey,Nerger,energeri0@wp.com,Female,1994-07-31,366
650,Nomi,Powderham,npowderhami1@tmall.com,Female,1993-08-13,798
651,Lea,Vidyapin,lvidyapini2@pbs.org,Female,1999-05-12,556
652,Irwin,Szwarc,iszwarci3@mozilla.org,Male,1999-08-18,499
653,Maddie,Borley,mborleyi4@xing.com,Male,1985-09-12,831
654,Hermann,Yve,hyvei5@people.com.cn,Male,2001-03-01,875
655,Arnuad,Calwell,acalwelli6@google.com.hk,Male,1983-03-22,381
656,Jamie,Paule,jpaulei7@sogou.com,Male,1991-03-30,833
657,Edi,Dealy,edealyi8@google.nl,Female,1982-02-19,883
658,Sukey,Spalls,sspallsi9@ning.com,Female,1998-01-11,54
659,Aristotle,Iveson,aivesonia@amazonaws.com,Male,1995-05-11,739
660,Jarrid,Fern,jfernib@state.gov,Male,1996-03-11,40
661,Maris,Morin,mmorinic@netscape.com,Female,1987-05-09,382
662,Kasper,Saddler,ksaddlerid@tripod.com,Male,1998-02-02,500
663,Broddie,Puddle,bpuddleie@blog.com,Male,1993-12-27,208
664,Howie,Clemmow,hclemmowif@springer.com,Male,1995-11-17,67
665,Job,Fishly,jfishlyig@harvard.edu,Male,1994-05-23,371
666,Alvinia,Dunham,adunhamih@canalblog.com,Female,2006-01-04,139
667,Dorris,Jubb,djubbii@dmoz.org,Female,1995-04-27,877
668,Alexandre,Flanne,aflanneij@vinaora.com,Male,1988-08-14,213
669,Carey,Le Ball,cleballik@google.co.jp,Male,1984-06-13,412
670,Cordula,Mougenel,cmougenelil@fastcompany.com,Female,1992-11-03,284
671,Jorey,Rowntree,jrowntreeim@yahoo.com,Female,1980-03-16,42
672,Corrine,Wigmore,cwigmorein@ucla.edu,Female,1991-08-06,339
673,Efrem,Ionnidis,eionnidisio@ucoz.ru,Male,1988-04-27,224
674,Pooh,Tatem,ptatemip@exblog.jp,Male,1994-01-17,745
675,Faulkner,Leidecker,fleideckeriq@4shared.com,Male,1988-05-01,851
676,Rikki,Kubec,rkubecir@miibeian.gov.cn,Female,2000-05-26,300
677,Evin,Arnauduc,earnauducis@noaa.gov,Male,2000-06-10,587
678,Rickie,Kobus,rkobusit@hexun.com,Male,1983-06-11,816
679,Charlotta,Moorfield,cmoorfieldiu@dot.gov,Female,1987-06-16,892
680,Shaylyn,Milbank,smilbankiv@go.com,Female,1985-06-25,605
681,Odessa,Vaughan-Hughes,ovaughanhughesiw@jigsy.com,Female,2000-07-17,188
682,Fionnula,Meegin,fmeeginix@yolasite.com,Female,1995-02-08,884
683,Leanor,Darth,ldarthiy@slideshare.net,Female,1997-05-24,141
684,Templeton,Sigmund,tsigmundiz@yellowbook.com,Male,1991-07-16,910
685,Barbaraanne,Brewitt,bbrewittj0@tripod.com,Female,1980-06-06,705
686,Mab,Kinnon,mkinnonj1@google.de,Female,2004-02-25,840
687,Gabriel,Izkoveski,gizkoveskij2@icio.us,Polygender,1997-08-18,723
688,Elsey,Ryder,eryderj3@taobao.com,Female,1988-11-28,496
689,Bran,Dorber,bdorberj4@scientificamerican.com,Male,1987-02-17,504
690,Mordy,Clerk,mclerkj5@feedburner.com,Male,2003-04-28,772
691,Collin,Sleicht,csleichtj6@ted.com,Male,2000-11-15,107
692,Hallie,Verralls,hverrallsj7@businessweek.com,Female,1997-08-20,50
693,Micheal,Manoelli,mmanoellij8@posterous.com,Male,1990-07-07,502
694,Henri,Olle,hollej9@apache.org,Genderqueer,1994-08-13,233
695,Rob,McQuorkel,rmcquorkelja@msn.com,Male,1989-01-29,728
696,Cecil,McGillecole,cmcgillecolejb@ask.com,Female,1983-01-19,593
697,Chiarra,Craker,ccrakerjc@columbia.edu,Female,1999-11-11,389
698,Erinn,Farfolomeev,efarfolomeevjd@typepad.com,Female,1993-01-30,977
699,Zack,Handrek,zhandrekje@pbs.org,Male,1992-03-07,995
700,Halie,Burth,hburthjf@wufoo.com,Genderqueer,1983-05-05,201
701,Jody,Trase,jtrasejg@sun.com,Male,2000-10-02,691
702,Erick,Crossthwaite,ecrossthwaitejh@blog.com,Male,2003-05-14,835
703,Chariot,Wheal,cwhealji@boston.com,Male,1983-10-24,715
704,Waylan,Casswell,wcasswelljj@biglobe.ne.jp,Male,1999-11-17,937
705,Brendis,Purple,bpurplejk@ebay.co.uk,Male,2002-06-17,142
706,Tory,Kunc,tkuncjl@intel.com,Female,1992-08-10,613
707,Eadmund,Rhymer,erhymerjm@cam.ac.uk,Male,2004-01-28,560
708,Taite,Nichols,tnicholsjn@w3.org,Male,2002-02-18,658
709,Darnell,Ditchfield,dditchfieldjo@digg.com,Male,1983-12-17,182
710,Arliene,Cleave,acleavejp@tumblr.com,Female,1998-02-20,230
711,Pacorro,Bonnet,pbonnetjq@amazon.de,Male,1982-12-22,940
712,Xena,Gerling,xgerlingjr@weather.com,Female,1995-12-17,153
713,Mickie,Berthel,mbertheljs@fotki.com,Male,1997-05-27,989
714,Yorker,Coorington,ycooringtonjt@mozilla.org,Male,1985-10-23,520
715,Joey,Solloway,jsollowayju@princeton.edu,Male,2001-01-30,238
716,Minerva,Boscott,mboscottjv@constantcontact.com,Female,1997-11-19,948
717,Yorker,Newsham,ynewshamjw@wunderground.com,Male,1984-08-08,77
718,Cornall,Mixon,cmixonjx@google.it,Male,1995-03-05,839
719,Sue,Sedgemore,ssedgemorejy@hud.gov,Female,2003-09-15,414
720,Angelika,Zavattero,azavatterojz@example.com,Female,1992-01-08,398
721,Sarina,Seekings,sseekingsk0@cnbc.com,Female,1981-02-23,9
722,Clywd,Warner,cwarnerk1@ezinearticles.com,Male,1982-08-28,738
723,Berte,Orbell,borbellk2@scribd.com,Female,1987-03-24,435
724,Allys,Stuchbery,astuchberyk3@blogtalkradio.com,Female,1983-01-14,266
725,Mikol,Ducket,mducketk4@discovery.com,Male,1985-04-26,35
726,Ofella,Mertel,omertelk5@barnesandnoble.com,Genderfluid,1998-03-25,680
727,Stephani,Fawloe,sfawloek6@irs.gov,Female,1985-12-15,740
728,Gardner,Goodrich,ggoodrichk7@ezinearticles.com,Male,1992-02-28,298
729,Mara,Tessier,mtessierk8@opensource.org,Female,1983-08-28,548
730,Elane,Maffeo,emaffeok9@meetup.com,Female,1996-01-19,337
731,Lucky,Lidstone,llidstoneka@hao123.com,Female,1985-01-10,34
732,Willie,Dietzler,wdietzlerkb@ustream.tv,Male,2005-02-01,747
733,Jimmie,O'Fallone,jofallonekc@mapquest.com,Male,1997-10-08,774
734,Jacob,Theyer,jtheyerkd@csmonitor.com,Male,1996-05-19,353
735,Trish,Oldroyd,toldroydke@nature.com,Female,2002-02-26,684
736,Odelle,Edlin,oedlinkf@google.ru,Female,2000-04-23,69
737,Jim,Cordsen,jcordsenkg@naver.com,Male,1986-05-13,83
738,Efrem,Hearle,ehearlekh@discuz.net,Male,1980-10-18,121
739,Baryram,Scase,bscaseki@xing.com,Male,1996-08-06,941
740,Babita,Greschik,bgreschikkj@vistaprint.com,Female,2002-10-22,252
741,Susie,Terbruggen,sterbruggenkk@economist.com,Female,1986-11-24,578
742,Harli,Fouracres,hfouracreskl@ucsd.edu,Female,1983-09-29,732
743,Natassia,Loblie,nlobliekm@mozilla.com,Female,1990-08-19,118
744,Rickie,Pallas,rpallaskn@phoca.cz,Male,2005-07-25,688
745,Isadora,Fosher,ifosherko@slashdot.org,Female,2004-06-30,764
746,Grethel,Windebank,gwindebankkp@wikia.com,Female,1992-01-25,770
747,Lib,Cowhig,lcowhigkq@netlog.com,Female,1996-02-28,173
748,Adeline,Paulazzi,apaulazzikr@ow.ly,Female,1991-10-05,93
749,Alvan,Woloschinski,awoloschinskiks@imageshack.us,Male,1994-06-29,601
750,Filbert,Goulborn,fgoulbornkt@squidoo.com,Male,1993-09-06,138
751,Spence,Deverose,sdeveroseku@harvard.edu,Male,1988-08-15,744
752,Currey,Heustace,cheustacekv@myspace.com,Male,1994-05-11,758
753,Willem,Warton,wwartonkw@twitpic.com,Male,1981-09-21,375
754,Josephine,Nieass,jnieasskx@ucoz.com,Female,1997-02-19,976
755,Hillel,Crawcour,hcrawcourky@bigcartel.com,Male,1996-10-29,177
756,Hilde,Heliot,hheliotkz@4shared.com,Agender,1989-08-08,302
757,Rupert,Ramsay,rramsayl0@yale.edu,Male,1994-08-17,527
758,Kennett,Jozefczak,kjozefczakl1@pinterest.com,Male,2003-02-25,475
759,Berte,Vanyard,bvanyardl2@soup.io,Female,1984-01-25,145
760,Neddy,Kruschev,nkruschevl3@google.com.hk,Male,1996-07-25,363
761,Gianni,Peregrine,gperegrinel4@furl.net,Male,2001-06-30,988
762,Rodolphe,Elsey,relseyl5@hubpages.com,Male,1998-12-23,642
763,Patsy,Nixon,pnixonl6@wisc.edu,Male,1999-11-07,785
764,Oliy,Steedman,osteedmanl7@taobao.com,Female,1987-02-05,982
765,Tybie,O'Brogane,tobroganel8@blogspot.com,Female,2001-06-11,952
766,Duky,Pickton,dpicktonl9@skype.com,Male,1984-03-05,386
767,Raffaello,Bartaletti,rbartalettila@blogspot.com,Male,2006-01-25,406
768,Valerye,Yeliashev,vyeliashevlb@flavors.me,Female,1996-08-06,52
769,Shirleen,Autin,sautinlc@yolasite.com,Female,2001-09-29,915
770,Link,Gibbin,lgibbinld@icq.com,Male,1982-07-11,568
771,Cornelius,Georgiades,cgeorgiadesle@dailymail.co.uk,Male,2000-01-29,577
772,Nicki,Scirman,nscirmanlf@reuters.com,Female,1993-09-17,421
773,Wyatt,Djurkovic,wdjurkoviclg@adobe.com,Male,1988-10-11,193
774,Dyana,Keesman,dkeesmanlh@e-recht24.de,Female,1999-07-02,388
775,Reinaldos,Immer,rimmerli@washingtonpost.com,Male,2005-09-06,482
776,Hervey,Torfin,htorfinlj@mashable.com,Male,1992-08-31,925
777,Granger,Fraczek,gfraczeklk@123-reg.co.uk,Male,1997-06-23,936
778,Gwenny,Guilloud,gguilloudll@marriott.com,Female,1998-09-05,784
779,Matilde,Lammerts,mlammertslm@slashdot.org,Female,1982-11-08,336
780,Herculie,Condell,hcondellln@booking.com,Male,2001-10-06,172
781,Park,Twyning,ptwyninglo@flickr.com,Male,1997-08-27,171
782,Orson,Burwood,oburwoodlp@fda.gov,Male,2005-01-12,521
783,Padraig,Whifen,pwhifenlq@state.tx.us,Male,1993-01-07,50
784,Jessey,Brewins,jbrewinslr@statcounter.com,Male,2004-04-24,881
785,Harlene,Petrazzi,hpetrazzils@last.fm,Female,1988-06-19,420
786,Valaree,Pulhoster,vpulhosterlt@ovh.net,Female,1983-02-03,207
787,Wenonah,Murie,wmurielu@tmall.com,Female,1985-12-16,526
788,Diandra,Doogue,ddooguelv@dropbox.com,Female,1980-06-18,311
789,Emmit,Atwill,eatwilllw@patch.com,Male,1985-09-17,914
790,Drugi,Kinnon,dkinnonlx@wufoo.com,Male,2003-11-03,672
791,Merrielle,Espinheira,mespinheiraly@gizmodo.com,Female,1991-05-02,49
792,Francois,Snoday,fsnodaylz@php.net,Male,1990-10-05,281
793,Sherrie,Pilmer,spilmerm0@studiopress.com,Female,1989-03-12,159
794,Finlay,Mossom,fmossomm1@mapquest.com,Male,1986-05-25,285
795,Kaile,Fullerlove,kfullerlovem2@hibu.com,Female,1996-07-13,966
796,Dolli,Greatbatch,dgreatbatchm3@ovh.net,Female,2002-09-29,85
797,Chet,Bonus,cbonusm4@cocolog-nifty.com,Male,1998-07-21,605
798,Reese,Minifie,rminifiem5@earthlink.net,Male,1989-04-29,367
799,Mavis,Sleet,msleetm6@hibu.com,Female,2000-12-01,880
800,Alfons,Fedorski,afedorskim7@webnode.com,Male,1991-12-09,293
801,Avie,Bolus,abolusm8@aboutads.info,Female,2001-09-20,563
802,Valentijn,Goodlake,vgoodlakem9@artisteer.com,Male,2001-09-23,619
803,Catha,Wooland,cwoolandma@apache.org,Bigender,1980-08-13,685
804,Lorain,Albion,lalbionmb@eventbrite.com,Female,1991-04-28,468
805,Rooney,Lenahan,rlenahanmc@fotki.com,Male,1996-04-20,826
806,Gerardo,McGahey,gmcgaheymd@goo.ne.jp,Male,1991-02-17,622
807,Adel,Spearing,aspearingme@psu.edu,Female,1989-11-03,566
808,Octavius,Bubbings,obubbingsmf@vimeo.com,Male,1990-10-29,91
809,Brit,Revance,brevancemg@zimbio.com,Male,1998-06-12,225
810,Sherline,Collett,scollettmh@businessweek.com,Genderqueer,1990-03-23,520
811,Deborah,Courtonne,dcourtonnemi@soup.io,Female,1996-01-03,945
812,Ezekiel,Kaasman,ekaasmanmj@xinhuanet.com,Male,1983-05-14,800
813,Dora,McCroft,dmccroftmk@google.fr,Female,1994-12-29,82
814,Arluene,Killcross,akillcrossml@typepad.com,Female,2004-09-09,721
815,Bradney,Macauley,bmacauleymm@comsenz.com,Male,1989-01-03,290
816,Orbadiah,Solleme,osollememn@surveymonkey.com,Male,2003-11-18,788
817,Sherwood,Haucke,shauckemo@sakura.ne.jp,Male,1991-11-30,559
818,Blake,Bourdice,bbourdicemp@apple.com,Male,1983-09-23,181
819,Noe,Naylor,nnaylormq@yelp.com,Male,2001-03-24,109
820,Lorant,Bartaloni,lbartalonimr@nba.com,Male,2002-03-23,638
821,Abdul,Robey,arobeyms@timesonline.co.uk,Male,1985-01-26,377
822,Bone,Handover,bhandovermt@sourceforge.net,Male,1995-11-26,232
823,Donnajean,Hendrik,dhendrikmu@ft.com,Female,2002-09-06,397
824,Lesley,Videler,lvidelermv@howstuffworks.com,Male,1995-03-22,259
825,Yasmin,Loos,yloosmw@mozilla.org,Female,1989-11-24,747
826,Gerti,Lax,glaxmx@nih.gov,Female,1992-04-15,273
827,Reid,Swine,rswinemy@addtoany.com,Non-binary,1984-10-30,995
828,Petronilla,Gatheridge,pgatheridgemz@t.co,Female,1990-06-14,897
829,Roddy,Lathy,rlathyn0@qq.com,Male,1989-08-16,148
830,Alejoa,Wynrehame,awynrehamen1@smugmug.com,Male,2001-12-23,556
831,Mickey,Towson,mtowsonn2@hao123.com,Male,2004-05-22,967
832,Silvio,Agent,sagentn3@nytimes.com,Male,1993-12-22,472
833,Carr,Grummitt,cgrummittn4@wordpress.com,Male,1993-03-25,74
834,Bren,Gwillim,bgwillimn5@ifeng.com,Male,2004-12-28,547
835,Randy,Engelmann,rengelmannn6@yellowpages.com,Female,1986-03-16,83
836,Nadia,Brampton,nbramptonn7@unicef.org,Female,2003-02-25,315
837,Chrisy,Pizer,cpizern8@flavors.me,Male,1993-09-03,289
838,Ericka,Folkerd,efolkerdn9@example.com,Female,1997-12-16,565
839,Daffie,Pynner,dpynnerna@scientificamerican.com,Female,1998-05-12,67
840,Edie,Renoden,erenodennb@thetimes.co.uk,Female,1990-11-23,421
841,Jada,Butteris,jbutterisnc@themeforest.net,Female,1998-06-11,781
842,Nichol,Erat,neratnd@live.com,Genderqueer,1997-06-09,600
843,Nananne,Laydel,nlaydelne@narod.ru,Female,1993-05-08,522
844,Cornell,Mace,cmacenf@vkontakte.ru,Male,1999-10-14,807
845,Wilmer,Silliman,wsillimanng@theguardian.com,Male,1986-03-17,570
846,Thor,Earle,tearlenh@blinklist.com,Male,2005-08-12,333
847,Mark,Di Domenico,mdidomeniconi@amazon.co.jp,Male,2004-11-03,879
848,Hildegaard,Reinert,hreinertnj@ucoz.ru,Female,1996-12-13,143
849,Biddy,Manion,bmanionnk@dell.com,Female,1998-02-19,382
850,Enrico,Massy,emassynl@baidu.com,Male,1998-12-12,949
851,Alphonso,Scotter,ascotternm@theglobeandmail.com,Male,1982-04-01,755
852,Aeriell,Ferri,aferrinn@timesonline.co.uk,Female,1993-10-21,443
853,Winfield,Robelet,wrobeletno@marketwatch.com,Male,1998-10-28,306
854,Alphard,Levis,alevisnp@cdbaby.com,Male,1982-10-21,89
855,Annabela,Gosland,agoslandnq@ox.ac.uk,Agender,1995-06-07,988
856,Consalve,Kenvin,ckenvinnr@amazon.co.uk,Male,1999-04-06,456
857,Iris,Stockin,istockinns@cisco.com,Female,1991-08-09,111
858,Elladine,Tetlow,etetlownt@vkontakte.ru,Female,1986-03-20,114
859,Eveleen,Gurden,egurdennu@forbes.com,Female,1992-10-01,65
860,Constantina,Martinson,cmartinsonnv@ehow.com,Female,1994-10-21,716
861,Rock,Ruzek,rruzeknw@facebook.com,Male,2002-12-08,644
862,Jecho,Rude,jrudenx@last.fm,Male,1993-12-21,300
863,Wiley,Paddington,wpaddingtonny@quantcast.com,Male,2003-08-10,962
864,Aidan,Bissex,abissexnz@webmd.com,Female,1983-07-05,658
865,Rosita,Keyden,rkeydeno0@paypal.com,Bigender,1984-06-29,151
866,Nataline,Blazey,nblazeyo1@canalblog.com,Female,2004-01-06,933
867,Lyndsay,Morin,lmorino2@blogs.com,Female,2001-10-25,371
868,Zonnya,Rodolfi,zrodolfio3@oakley.com,Female,1996-08-12,909
869,Murial,Kerslake,mkerslakeo4@salon.com,Female,1987-03-02,959
870,Guss,Perillo,gperilloo5@desdev.cn,Male,1995-11-27,183
871,Read,Wooff,rwooffo6@oaic.gov.au,Male,2000-03-03,692
872,Biddy,Solomonides,bsolomonideso7@sciencedirect.com,Female,1995-02-19,26
873,Abagael,Millhouse,amillhouseo8@dedecms.com,Female,1990-02-04,260
874,Devland,Penwell,dpenwello9@netscape.com,Bigender,2002-10-22,838
875,Ilene,Reedy,ireedyoa@bbc.co.uk,Female,1992-09-07,955
876,Dayle,Beggini,dbegginiob@linkedin.com,Female,2000-05-13,862
877,Marylou,Restorick,mrestorickoc@instagram.com,Female,2000-02-26,707
878,Janaya,Isakovic,jisakovicod@behance.net,Female,2004-01-31,548
879,Alexandrina,Hunt,ahuntoe@reverbnation.com,Female,1996-07-08,387
880,Brena,Trembley,btrembleyof@g.co,Female,1981-12-07,56
881,Sofia,Legendre,slegendreog@ucoz.ru,Female,1989-07-08,589
882,Paxon,Dexter,pdexteroh@mayoclinic.com,Male,1988-08-14,449
883,Zaccaria,Leipold,zleipoldoi@naver.com,Male,1995-09-14,342
884,Cinnamon,Bushill,cbushilloj@un.org,Female,1997-06-29,298
885,Lydon,Hayles,lhaylesok@addtoany.com,Male,2005-03-02,640
886,Jacquelyn,Armiger,jarmigerol@kickstarter.com,Female,1990-11-06,532
887,Lacie,Estevez,lestevezom@earthlink.net,Female,1985-03-07,160
888,Lucho,Ferrarello,lferrarelloon@newyorker.com,Male,1997-07-18,309
889,Myrwyn,Cotillard,mcotillardoo@psu.edu,Male,1980-12-08,19
890,Rorke,Boichat,rboichatop@chron.com,Male,1980-01-14,73
891,Lisa,Dye,ldyeoq@mayoclinic.com,Female,1997-10-12,852
892,Candra,Claisse,cclaisseor@indiegogo.com,Female,1984-05-14,643
893,Shel,Beavers,sbeaversos@gravatar.com,Female,1988-07-13,450
894,Neron,Teale,ntealeot@edublogs.org,Male,1999-11-16,921
895,Winnie,Tankus,wtankusou@oaic.gov.au,Female,1986-01-29,593
896,Bank,De Lasci,bdelasciov@bbc.co.uk,Male,1982-06-20,328
897,Jacquie,Bignold,jbignoldow@disqus.com,Female,1991-06-17,297
898,Bordie,Arlet,barletox@nsw.gov.au,Male,1990-06-05,391
899,Penelopa,Boughtwood,pboughtwoodoy@amazon.co.uk,Female,1994-10-27,303
900,Kenneth,Gill,kgilloz@artisteer.com,Male,1996-03-20,162
901,Allyce,Kenworthey,akenwortheyp0@histats.com,Female,1982-12-30,997
902,Verne,Fitzsimon,vfitzsimonp1@nasa.gov,Male,1984-03-02,851
903,Peyton,Thow,pthowp2@indiegogo.com,Male,2003-07-23,858
904,Chickie,Ogilvie,cogilviep3@prnewswire.com,Female,2000-07-15,808
905,Ardra,Cranch,acranchp4@google.ca,Female,2004-05-04,898
906,Tammi,Londesborough,tlondesboroughp5@tinypic.com,Female,2001-02-15,929
907,Darryl,Rumke,drumkep6@yolasite.com,Male,1986-06-05,491
908,Andrei,Alentyev,aalentyevp7@ocn.ne.jp,Bigender,1994-06-12,11
909,Art,Burtwistle,aburtwistlep8@vistaprint.com,Male,1996-09-15,740
910,Phylys,Stuchburie,pstuchburiep9@ucla.edu,Female,1986-03-30,362
911,Maxi,Kingsman,mkingsmanpa@army.mil,Female,1983-07-20,503
912,Amie,Olek,aolekpb@123-reg.co.uk,Female,1991-10-09,736
913,Duke,Goseling,dgoselingpc@huffingtonpost.com,Male,1988-12-19,867
914,Marne,Wilmore,mwilmorepd@wikispaces.com,Female,1988-08-03,762
915,Arin,Patillo,apatillope@webnode.com,Male,1992-10-18,568
916,Fletcher,Sprakes,fsprakespf@google.co.jp,Male,1984-11-17,226
917,Clarisse,Greenin,cgreeninpg@un.org,Female,1980-12-01,542
918,Daron,Daniello,ddanielloph@stanford.edu,Male,1986-07-04,775
919,Garrot,Tipper,gtipperpi@nbcnews.com,Male,1997-05-11,191
920,Denny,Colgan,dcolganpj@ameblo.jp,Male,1997-08-12,266
921,Dorrie,Whittington,dwhittingtonpk@t-online.de,Female,2002-03-24,480
922,Dorey,Ivoshin,divoshinpl@bbb.org,Female,1987-11-17,860
923,Jessamine,Bushaway,jbushawaypm@t.co,Female,1980-07-01,483
924,Sarge,Attiwill,sattiwillpn@uol.com.br,Male,2003-08-27,10
925,Michale,Wrenn,mwrennpo@virginia.edu,Male,2002-09-29,369
926,Dacy,Santori,dsantoripp@irs.gov,Female,1998-07-20,599
927,Alayne,Stokes,astokespq@themeforest.net,Female,2000-03-08,650
928,Cesare,Millsom,cmillsompr@livejournal.com,Male,1988-12-10,884
929,Etty,McGrouther,emcgroutherps@unblog.fr,Female,1991-01-23,348
930,Elsi,Kahn,ekahnpt@netlog.com,Female,2002-08-27,915
931,Zebadiah,Leese,zleesepu@accuweather.com,Male,2005-11-13,733
932,Wynny,Howsan,whowsanpv@arstechnica.com,Female,2000-07-01,288
933,Flint,Lyston,flystonpw@kickstarter.com,Male,2002-07-10,754
934,Courtney,Pavese,cpavesepx@umich.edu,Male,1984-11-12,470
935,Esma,Anglin,eanglinpy@unblog.fr,Female,1993-02-18,413
936,Noel,Eden,nedenpz@vistaprint.com,Female,1999-02-17,33
937,Ettie,Canet,ecanetq0@phoca.cz,Female,1992-01-25,767
938,Xylina,Sparshott,xsparshottq1@cmu.edu,Female,1984-02-14,555
939,Hedda,Earwaker,hearwakerq2@friendfeed.com,Female,1986-09-09,681
940,Leonid,Gonnelly,lgonnellyq3@macromedia.com,Male,1983-05-16,105
941,Raleigh,Reimers,rreimersq4@cnbc.com,Male,1990-05-17,964
942,Chev,Philipsohn,cphilipsohnq5@wordpress.com,Male,2000-02-26,401
943,Webster,Couth,wcouthq6@cisco.com,Male,1997-12-22,249
944,Everard,Humbles,ehumblesq7@washington.edu,Male,1997-12-01,712
945,Alie,Pettisall,apettisallq8@theguardian.com,Genderqueer,1988-02-16,516
946,Eddie,Ough,eoughq9@soundcloud.com,Male,2003-12-07,419
947,Midge,Franzewitch,mfranzewitchqa@psu.edu,Female,1998-08-23,238
948,Orin,Sergent,osergentqb@arstechnica.com,Agender,1995-07-11,941
949,Esta,Halliberton,ehallibertonqc@constantcontact.com,Female,2002-03-05,621
950,Angie,Gallacher,agallacherqd@de.vu,Male,1981-01-17,908
951,Parnell,Rosenzveig,prosenzveigqe@diigo.com,Male,1982-08-04,486
952,Clarisse,Geroldo,cgeroldoqf@prlog.org,Female,1993-03-29,150
953,Vince,Stubs,vstubsqg@census.gov,Genderfluid,1982-07-05,926
954,Charlean,Gruszecki,cgruszeckiqh@odnoklassniki.ru,Female,1997-03-20,790
955,Katya,Rossey,krosseyqi@w3.org,Female,2005-10-03,302
956,Obed,Gumbrell,ogumbrellqj@oakley.com,Male,1987-10-31,250
957,Tanner,Tryhorn,ttryhornqk@home.pl,Male,1988-12-27,836
958,Addia,Wofenden,awofendenql@chicagotribune.com,Female,1991-03-28,698
959,Shaylyn,Giannasi,sgiannasiqm@constantcontact.com,Female,2005-08-26,875
960,Dulcia,Wethered,dwetheredqn@paginegialle.it,Non-binary,2000-07-31,75
961,Vivienne,Plank,vplankqo@histats.com,Female,1997-05-16,553
962,Joan,Sanbrooke,jsanbrookeqp@thetimes.co.uk,Female,2004-07-03,878
963,Dorry,McCarron,dmccarronqq@bluehost.com,Female,2002-10-15,812
964,Barbe,Palister,bpalisterqr@opera.com,Female,2001-06-06,130
965,Humfrey,Yele,hyeleqs@deviantart.com,Male,1992-12-02,525
966,Annecorinne,Sheber,asheberqt@51.la,Female,1994-06-25,758
967,Klement,Hasty,khastyqu@themeforest.net,Male,1999-07-22,874
968,Joelly,Halliday,jhallidayqv@walmart.com,Female,1993-05-06,113
969,Nester,Gormally,ngormallyqw@time.com,Male,1998-12-22,573
970,Joby,Poolman,jpoolmanqx@exblog.jp,Female,2000-05-20,842
971,Ilario,De Mattia,idemattiaqy@sitemeter.com,Polygender,2000-08-11,530
972,Barnabas,Knightsbridge,bknightsbridgeqz@arstechnica.com,Male,2004-06-18,615
973,Cad,Castellone,ccastelloner0@cbslocal.com,Male,1985-10-15,744
974,Alanson,Pettigrew,apettigrewr1@newyorker.com,Male,2004-09-08,900
975,Haze,Peachey,hpeacheyr2@soundcloud.com,Male,2005-02-12,96
976,Rhiamon,Sorton,rsortonr3@soup.io,Female,1980-12-09,895
977,Filippa,Bartoletti,fbartolettir4@indiatimes.com,Female,1999-12-02,16
978,Jacinta,Gianneschi,jgianneschir5@discuz.net,Female,1994-01-14,928
979,Tamqrah,Desvignes,tdesvignesr6@icio.us,Female,2003-03-05,99
980,Cherilyn,Cockings,ccockingsr7@ted.com,Female,1988-10-21,654
981,Jard,Dreng,jdrengr8@1und1.de,Male,1993-05-20,604
982,Analise,Dicty,adictyr9@senate.gov,Genderqueer,1984-07-20,611
983,Kat,Boggers,kboggersra@thetimes.co.uk,Genderqueer,1986-06-26,743
984,Barnaby,Freear,bfreearrb@angelfire.com,Male,1993-08-19,499
985,Madlin,Minget,mmingetrc@webeden.co.uk,Female,1988-12-15,92
986,Jone,Whieldon,jwhieldonrd@ning.com,Male,1990-12-01,429
987,Free,Batho,fbathore@home.pl,Male,2004-03-13,141
988,Jon,Strapp,jstrapprf@gov.uk,Male,1980-08-15,597
989,Franzen,Bottleson,fbottlesonrg@loc.gov,Male,1994-04-22,112
990,Zachary,Berry,zberryrh@ebay.com,Male,1997-04-25,70
991,Alessandro,Brignall,abrignallri@a8.net,Male,1983-10-30,848
992,Nolie,O'Corren,nocorrenrj@nature.com,Female,1986-10-07,234
993,Judd,Petruszka,jpetruszkark@technorati.com,Male,1990-04-01,847
994,Keelby,De Bischof,kdebischofrl@tinyurl.com,Male,1981-09-26,215
995,Vale,Killich,vkillichrm@google.es,Male,1989-05-15,561
996,Lorenza,Headley,lheadleyrn@accuweather.com,Female,2000-01-02,329
997,Cara,Jewster,cjewsterro@boston.com,Female,2000-01-16,803
998,Jakie,Vidgen,jvidgenrp@dagondesign.com,Male,2002-03-02,388
999,Tracie,Lethieulier,tlethieulierrq@sciencedirect.com,Male,2000-05-03,277
1000,Torrie,Chisholm,tchisholmrr@prweb.com,Female,1993-09-09,24
